1,Ingeniero Civil
2,Ingeniero de Transportes y Vías
3,Ingeniero Sanitario
4,Ingeniero Ambiental
5,Ingeniero Químico
6,Geólogo
7,Ingeniero Geólogo
8,Ingeniero Agrícola
9,Ingeniero de Construcción
10,Ingeniero de Minas
11,Ingeniero Catastral
12,Ingeniero Geodesta
13,Ingeniero Topográfico
14,Ingeniero Industrial
15,Ingeniero Mecánico
16,Ingeniero Mecatrónico
17,Ingeniero Electromecánico
18,Ingeniero Aeronáutico
19,Ingeniero Naval
20,Ingeniero de Recursos Hídricos
21,Ingeniero de Materiales
22,Ingeniero Metalúrgico
23,Físico
24,Químico
25,Ingeniero Físico
26,Otro título en Ingeniería
